Model,Accuracy,Precision,Recall,F1 Score,AUC
Logistic Regression,0.934895,0.577792507,0.947485842,0.717836479,0.979497058
Decision Tree,0.993525,0.937364894,0.992220125,0.964012783,0.999152118
SGD Classifier,0.927105,0.547000518,0.966020251,0.698488201,0.978884684
Random Forest,0.999825,0.998172473,0.999828385,0.998999743,0.999999339
